ID,Condition,SuccessRate,ElbAng_Ext,MoveTime,BB_SLR,BB_LLR,TLong_SLR,TLong_LLR
1,A_0.5x,80,2.00982472316389,362.575,1.09396435346057,27.6480027076097,-0.0384587740776058,0.292360393191419
2,A_0.5x,70,4.0529873509079,360.6,0.712568811702754,26.0792422756795,-0.766403561992101,0.0611488036683647
3,A_0.5x,72.5,3.7207979077139,370.3,5.38793020462417,22.5145901612537,-0.118367678496884,-0.236447397191759
4,A_0.5x,30,4.97324737838341,431.025,3.2435739820135,7.85294289094522,-0.0436752375635128,-0.154082442499176
5,A_0.5x,82.5,1.46691763025685,339.75,1.33295588428812,9.82702465394471,-0.483979371107394,-0.859038783207716
6,A_0.5x,60,1.32548260044197,443.95,1.36264760675376,4.27834107479772,0.0418051853762676,0.250864236682242
7,A_0.5x,77.5,2.03059234636575,318.675,3.11384126474851,23.3252204298979,-0.579285936840237,4.64788101604818
8,A_0.5x,60,1.36991964087545,405.65,0.102060528076343,0.247769391308635,-0.22816098603494,0.120760675078692
9,A_0.5x,2.5,0.873898424217188,571.2,0.159069939144427,1.53453235635765,0.0291098855908838,-0.00134082037378521
10,A_0.5x,37.5,3.57059141512897,417.25,2.6681484641112,31.308673701299,0.0881457660893924,0.273470512475024
11,A_0.5x,80,3.06232143221331,339.975,4.04062897931409,10.5329040067491,-0.1943667586197,1.64090149940263
12,A_0.5x,17.5,2.39489217430468,522.6,0.68104371086442,4.12194029689433,-0.00118173327173387,0.322054538176365
1,B_1x,42.5,1.93757201790788,454.15,0.696872278236691,22.7975176265824,0.0161463535459245,0.208740252803264
2,B_1x,55,3.67639641954468,391.525,0.103859759787029,18.1304948870294,0.122074479614275,0.558342553646714
3,B_1x,45,4.31949434975946,404.025,6.79196941822135,15.9987229646766,0.0347478146923614,-0.0487809829639638
4,B_1x,55,3.30702329450215,450.375,2.38880414852752,6.16545651748431,-0.120368544956618,-0.556332181515211
5,B_1x,87.5,0.792623140413827,347.625,1.43195094840503,8.98370598972021,-0.229163694885459,-1.03058961024917
6,B_1x,42.5,1.55530975069594,526.05,0.686663708751878,3.28132480425123,0.0513686568060406,0.265174325053864
7,B_1x,97.5,1.43255583795314,278,1.52625780282451,5.97981071752537,0.133277703941888,-0.0276922639921365
8,B_1x,85,0.86505520933331,345.25,0.0697742844678072,0.367089262169646,-0.0111437194855023,0.0601010763754227
9,B_1x,10,0.731938048426091,543.35,0.185671195773833,1.83147964671583,0.0567085819464971,0.0480608254010817
10,B_1x,25,2.18206897365762,492.575,0.405920899496818,12.8895222431854,0.0049586646309155,0.0733634471962809
11,B_1x,87.5,2.38682209071454,310.25,3.27012248355932,6.5123810894654,-0.561022247209234,0.434494788538672
12,B_1x,27.5,2.05761711554695,476.65,0.480190624226271,4.3548670765606,0.0382483009156459,0.447929075398908
1,C_2x,92.5,2.30963269145103,323.5,4.23918520981559,27.6162355537457,-0.585959275938907,-0.7131047774842
2,C_2x,70,3.44923247236635,388.9,3.27326845638488,21.8315383706673,-0.0270637253912222,0.0454123263019073
3,C_2x,87.5,3.70310900805886,315.225,11.9096205255126,26.5999484728617,-0.431037483760647,-0.797752406393262
4,C_2x,72.5,3.07464805600971,362.625,3.39475912760614,9.70358018208334,-0.496211009621511,-0.293336323670211
5,C_2x,90,1.41502879129199,281.875,1.89803704690673,11.0914996204378,-1.18087183746482,-2.48476935892925
6,C_2x,45,2.02662193081301,500.45,1.8617020390321,8.89824193460925,-1.02516742335844,-1.54308624661651
7,C_2x,97.5,1.19158888783468,249.25,4.90273080778574,11.353130804562,-0.980326492867384,0.382782678568976
8,C_2x,100,1.83274458070272,200.35,2.41378280813495,3.93289158732591,0.00691841065686808,-0.66442704940445
9,C_2x,65,0.536039851565503,415.35,0.657442423370565,4.20823976602945,0.0771302100406512,-0.2808169571878
10,C_2x,95,1.34955375064374,301.05,5.85169529358437,27.1991174611855,-0.173422471054461,0.0761275610152586
11,C_2x,97.5,1.6285742526462,213.175,7.75240858439745,8.35891047426947,-1.4187828492594,1.01299026531576
12,C_2x,82.5,0.646870682519319,342.2,2.53667475291772,8.18012843382855,-0.124725508699159,0.0704536629250793
1,D_4x,95,1.52550374079674,291.075,7.66632509272336,23.6983521535012,-0.4100425904257,-0.36087493867572
2,D_4x,85,3.55926425066602,357.525,3.94452639024919,23.4779189763438,-0.0976639472407475,-0.114236353829056
3,D_4x,97.5,2.95449260541395,256.275,11.4164958457818,14.4452604302045,-0.440655847231051,-1.11652082189625
4,D_4x,85,2.58965869348358,301.725,6.25638627856924,10.4739680076672,-0.503904323158159,0.217058264118783
5,D_4x,90,1.55696484926451,300.475,2.71947525219307,8.56566770563571,-0.347648921198255,-2.19589343030009
6,D_4x,45,1.77849511255694,481.1,0.843186429233313,6.9014054020714,-1.50622228684827,-2.56597991667814
7,D_4x,92.5,1.14320930928293,258.825,10.1197545992285,12.6089842140127,-1.48790119505506,1.58904925654212
8,D_4x,95,1.99171736798009,246.25,3.07778732862975,3.37389625929776,-0.154560410378667,-0.390554758612097
9,D_4x,100,0.847218174427397,260.2,1.40244798271674,3.58945340607895,-0.583479252999625,-0.69449390640035
10,D_4x,90,1.86693391014829,328.05,7.28673631942716,29.3201296587858,-0.0352245703146567,0.192535621333682
11,D_4x,92.3076923076923,2.2131080794517,258.923076923077,6.20951988226868,9.40582682145097,-0.0719212573587573,1.91972723479939
12,D_4x,87.5,0.771095420832867,312.85,2.53274499839031,6.04969340633131,-0.309786586190752,-0.539518468129374
1,E_8x,100,1.33285033869298,245.725,14.8252079471034,20.2768151750017,-0.141292555568609,-0.620469783447002
2,E_8x,95,2.38722644021894,228.3,5.87081738348372,20.8962503943904,-2.20432077715732,-2.24384719023066
3,E_8x,78.5714285714286,2.57833459229277,345.5,4.42050023858835,11.8777694607858,-1.47063990537429,-1.69481295540742
4,E_8x,NaN,NaN,NaN,NaN,NaN,NaN,NaN
5,E_8x,90,2.68181478960734,312.35,1.69592426491886,6.97967472775799,-0.191543484362047,0.331807624972492
6,E_8x,NaN,NaN,NaN,NaN,NaN,NaN,NaN
7,E_8x,92.5,0.954513026164089,264.65,10.0815110498424,12.6361335634504,-1.46771867510979,2.99388181332605
8,E_8x,100,1.94438576056093,213.5,3.84877195131086,2.36104198945044,-0.187904339031101,-1.35364126576896
9,E_8x,NaN,NaN,NaN,NaN,NaN,NaN,NaN
10,E_8x,90,1.27521111258892,286.775,13.8032028394188,37.8503916653396,-0.0229031756331116,-0.0305378383223494
11,E_8x,NaN,NaN,NaN,NaN,NaN,NaN,NaN
12,E_8x,60,1.3497602850206,330.8,3.22302263602171,7.88537825435291,1.44433620068834,0.839470510098171
1,F_16x,100,1.35658044355268,204.375,11.7121514287259,21.8139121906218,-0.72247857393412,-1.23349043207063
2,F_16x,100,1.91062531359768,193.175,8.42432051824827,26.1738326326308,-6.27723106578477,-0.649715348517492
3,F_16x,NaN,NaN,NaN,NaN,NaN,NaN,NaN
4,F_16x,NaN,NaN,NaN,NaN,NaN,NaN,NaN
5,F_16x,NaN,NaN,NaN,NaN,NaN,NaN,NaN
6,F_16x,NaN,NaN,NaN,NaN,NaN,NaN,NaN
7,F_16x,100,0.439715564504667,161,50.2739462741103,29.1165395220233,-1.96329886164483,-0.892654942013793
8,F_16x,100,1.18198682955565,128.4,8.39666139454463,2.87966160010279,-0.906120913564504,-1.37848959835862
9,F_16x,NaN,NaN,NaN,NaN,NaN,NaN,NaN
10,F_16x,92.5,0.989241945615176,261.05,28.3350754452205,40.8539547856172,-0.0960036743411606,-0.208607540979039
11,F_16x,NaN,NaN,NaN,NaN,NaN,NaN,NaN
12,F_16x,NaN,NaN,NaN,NaN,NaN,NaN,NaN
